{"timing_s/reward":0.20247051678597927,"critic/returns/max":1.4999043941497803,"critic/advantages/max":1.4999043941497803,"critic/advantages/mean":0.06328930705785751,"critic/rewards/mean":0.9647369980812073,"global_seqlen/max":191657,"response_length/min":58,"prompt_length/min":175,"timing_per_token_ms/gen":0.042393750096527454,"_step":1006,"actor/kl_loss":0.0023109308967832476,"perf/cpu_memory_used_gb":36.608642578125,"timing_s/step":165.1079883389175,"global_seqlen/balanced_min":186937,"timing_s/adv":73.99621830694377,"critic/score/min":0,"_timestamp":1.766973547342234e+09,"timing_s/update_actor":53.58226753491908,"reward/overall":0.9647370011226175,"_wandb":{"runtime":1567},"timing_per_token_ms/update_actor":0.07165790154064533,"response_length/clip_ratio":0.3984375,"critic/score/max":0.9998044967651367,"perf/max_memory_allocated_gb":15.78230094909668,"perf/max_memory_reserved_gb":25.01611328125,"timing_s/ref":6.6334725939668715,"actor/pg_loss":-0.05035394763717704,"val/reward_score":0.974274754524231,"_runtime":1567.8724474159999,"response_length/max":1024,"reward/completeness":0.949462890625,"reward/diversity":0.9514926228005866,"global_seqlen/min":182383,"perf/total_num_tokens":747751,"perf/throughput":1132.2150544059232,"timing_per_token_ms/old":0.008774424773292676,"val/format_reward":1,"critic/advantages/min":-1.499993920326233,"response_length/mean":555.2255859375,"critic/rewards/min":0,"actor/pg_clipfrac_higher":0.0010432326211002874,"prompt_length/mean":175,"val/overall_reward":0.9742748000000001,"timing_per_token_ms/reward":0.00035611671914389256,"timing_s/old":6.5610848986543715,"critic/score/mean":0.9647369980812073,"actor/ppo_kl":-0.0001293044636703211,"timing_per_token_ms/ref":0.008871231992958714,"actor/grad_norm":0.3354213982820511,"actor/pg_clipfrac_lower":0,"global_seqlen/minmax_diff":9274,"actor/kl_coef":0.01,"global_seqlen/mean":186937.75,"reward/format":0.9990234375,"val/completeness_reward":0.9655,"timing_s/gen":24.10300901113078,"perf/mfu_actor":0,"critic/returns/mean":0.06328930705785751,"critic/rewards/max":0.9998044967651367,"val/diversity_reward":0.957624,"actor/lr":1e-06,"global_seqlen/balanced_max":186938,"timing_per_token_ms/adv":0.09895836756747069,"actor/entropy_loss":0.17318327096290886,"val/generations":{"path":"media/table/val/generations_6_45a1500705cb2af1a65c.table.json","artifact_path":"wandb-client-artifact://f6qc98acdzn7jsf8nui1qirsvaskjiwgv5pui0a0eb2cgiboo41vovobtxjmgd8ku7i5weqargvn35d0iwlogh6wkdy3zzieprhhxwfwy9poy8tsqencvgrv04r1ffxr/val/generations.table.json","sha256":"45a1500705cb2af1a65cb229fb7a4085429a5f275b16c400a80254e839ae01f8","nrows":1,"_type":"table-file","size":11721,"ncols":13,"log_mode":"IMMUTABLE","_latest_artifact_path":"wandb-client-artifact://5weusihtk7rdl03vy7uja3abhjhwj2bj55zvn6peowys2kvlghvsemfxi68fmuwlxh4x2p32c67vjftxsweighv7bpy65j6xj7ufyc0xinbl5ab9xj1dmg6caeusx1gd:latest/val/generations.table.json"},"critic/returns/min":-1.499993920326233,"prompt_length/clip_ratio":0,"perf/time_per_step":165.1079883389175,"prompt_length/max":175}