{"critic/rewards/max":-0.03125,"actor/kl_loss":0.000969250439084135,"_wandb":{"runtime":255},"reward/overall":-0.46875,"timing_s/adv":45.484702311921865,"timing_per_token_ms/update_actor":0.11331076449902044,"_runtime":255.062565974,"timing_per_token_ms/gen":1.3088715276142187,"actor/pg_loss":0.046965718269348145,"critic/advantages/max":0.8660238981246948,"global_seqlen/minmax_diff":8597,"response_length/mean":699.90625,"critic/score/max":-0.03125,"actor/ppo_kl":-5.4142716180649586e-05,"timing_per_token_ms/ref":0.021965160349075856,"timing_s/save_checkpoint":27.533368931151927,"timing_per_token_ms/adv":1.599040334396972,"perf/total_num_tokens":28445,"perf/max_memory_allocated_gb":19.646072387695312,"perf/time_per_step":107.26066276687197,"perf/throughput":66.29876989904585,"prompt_length/min":189,"prompt_length/mean":189,"_step":2,"timing_s/old":1.0602372370194644,"response_length/min":2,"global_seqlen/max":12103,"response_length/max":4096,"reward/accuracy":0.03125,"actor/kl_coef":0.01,"global_seqlen/min":3506,"perf/max_memory_reserved_gb":28.2158203125,"actor/pg_clipfrac_higher":0.00022373068168235477,"critic/advantages/mean":0.06631976366043091,"prompt_length/clip_ratio":0,"response_length/clip_ratio":0.0625,"perf/cpu_memory_used_gb":45.414241790771484,"timing_s/update_actor":3.2231246961746365,"global_seqlen/mean":7111.25,"critic/score/min":-1.03125,"timing_per_token_ms/reward":0.0007799794647859112,"critic/returns/min":-1.4999970197677612,"critic/rewards/min":-1.03125,"reward/format":0.5625,"timing_s/ref":0.6247989861294627,"actor/lr":1e-06,"global_seqlen/balanced_min":6573,"critic/returns/mean":0.06631976366043091,"critic/advantages/min":-1.4999970197677612,"reward/tool_reward":0,"critic/score/mean":-0.46875,"timing_s/gen":29.314795603975654,"critic/rewards/mean":-0.46875,"_timestamp":1.7667253488775425e+09,"timing_s/reward":0.017469200072810054,"perf/mfu_actor":0,"actor/entropy_loss":0.896701518446207,"actor/grad_norm":3.8420108556747437,"prompt_length/max":189,"critic/returns/max":0.8660238981246948,"global_seqlen/balanced_max":7638,"timing_s/step":107.26066276687197,"timing_per_token_ms/old":0.037273237371048144,"actor/pg_clipfrac_lower":0}