{"global_seqlen/max":216045,"_step":1006,"critic/score/min":-1,"timing_s/update_actor":51.579985856078565,"critic/rewards/mean":0.5528448224067688,"perf/max_memory_allocated_gb":15.779908657073975,"timing_s/ref":7.143457771744579,"timing_per_token_ms/adv":6.54610294413339,"timing_s/step":5545.2694898252375,"reward/format":0.9990234375,"actor/pg_clipfrac_lower":0,"_runtime":35620.552610909,"critic/returns/mean":0.026124967262148857,"val/format_reward":0.998,"response_length/mean":638.5283203125,"perf/time_per_step":5545.2694898252375,"val/reward_score":0.555293083190918,"reward/diversity":0.9502592711388075,"perf/throughput":37.556921333062846,"critic/advantages/max":1.4998990297317505,"val/diversity_reward":0.9686653306613228,"_timestamp":1.7670250884662395e+09,"critic/rewards/min":-1,"global_seqlen/min":200734,"prompt_length/clip_ratio":0,"actor/ppo_kl":6.27746907673199e-05,"perf/total_num_tokens":833053,"prompt_length/max":175,"actor/lr":1e-06,"actor/entropy_loss":0.15874149129376747,"critic/score/max":0.5798044800758362,"critic/score/mean":0.5528448224067688,"timing_per_token_ms/ref":0.00857503396752017,"critic/advantages/min":-1.499977707862854,"global_seqlen/balanced_min":208263,"perf/cpu_memory_used_gb":46.332603454589844,"val/generations":{"nrows":1,"log_mode":"IMMUTABLE","path":"media/table/val/generations_6_6b9362e223abc55ea66d.table.json","ncols":13,"artifact_path":"wandb-client-artifact://mjslev8m8e02mzlvgqy64u6bmtfa4hy94pxzpd2wkszggqtd3d4pkixtmgz8xp0zhcisl7pygose5r6u98x1ry7ahhzlvkih72dmdrxnqcvdvws8qy96n4na7lf16i7w/val/generations.table.json","sha256":"6b9362e223abc55ea66dc39f9164afbe2c89485ed07d309fcce26f707be55fd3","_latest_artifact_path":"wandb-client-artifact://m0ucvik7f9h2c6vcn6qq8alswvxxbj0t6em4dlki03w3cdugre6esi1w18b624dl90adjfox52k1p2ptcx56w0cxr2oodyelglrcyuqtrdsb42sbp130cugkzkyc1v12:latest/val/generations.table.json","size":11202,"_type":"table-file"},"actor/pg_loss":-0.028217017709948777,"timing_per_token_ms/update_actor":0.061916811842798194,"actor/grad_norm":0.2758644223213196,"actor/kl_coef":0.01,"response_length/min":57,"timing_per_token_ms/gen":0.039412292405658404,"critic/returns/max":1.4998990297317505,"timing_per_token_ms/old":0.008722224834451151,"critic/advantages/mean":0.026124967262148857,"perf/max_memory_reserved_gb":24.244140625,"timing_per_token_ms/reward":0.00034523199428390265,"response_length/clip_ratio":0.4755859375,"val/executability_reward":0.3768,"prompt_length/mean":175,"prompt_length/min":175,"global_seqlen/balanced_max":208264,"timing_s/gen":25.769845626316965,"actor/pg_clipfrac_higher":0.0007435939925244384,"actor/kl_loss":0.0024764585541561246,"timing_s/old":7.2660755650140345,"_wandb":{"runtime":35620},"perf/mfu_actor":0,"critic/rewards/max":0.5798044800758362,"timing_s/adv":5453.250695919152,"critic/returns/min":-1.499977707862854,"reward/executability":0.37695312500000006,"response_length/max":1024,"val/overall_reward":0.5552930661322646,"global_seqlen/mean":208263.25,"timing_s/reward":0.2257309751585126,"global_seqlen/minmax_diff":15311,"reward/overall":0.5528448229777615}