{"actor/kl_loss":0.0020387261793075595,"reward/accuracy":0.015625,"val/tool_reward_reward":0,"prompt_length/max":189,"response_length/mean":582.28125,"response_length/min":45,"critic/score/max":-0.015625,"perf/max_memory_allocated_gb":23.908791184425354,"timing_per_token_ms/old":0.021047115352983294,"timing_s/step":202.84768649213947,"timing_s/reward":0.018786319997161627,"reward/format":0.796875,"perf/mfu_actor":0,"timing_per_token_ms/update_actor":0.10982013514315152,"actor/grad_norm":1.11183100938797,"val/reward_score":-0.19144798815250397,"val/accuracy_reward":0.002448000000000001,"critic/returns/mean":0.043907105922698975,"critic/advantages/mean":0.043907105922698975,"global_seqlen/balanced_min":11464,"actor/pg_loss":-0.010814799913930528,"actor/pg_clipfrac_lower":0,"critic/advantages/min":-0.7071057558059692,"actor/lr":1e-06,"actor/kl_coef":0.01,"timing_s/gen":29.404323795810342,"critic/returns/min":-0.7071057558059692,"global_seqlen/minmax_diff":8802,"reward/tool_reward":0,"perf/max_memory_reserved_gb":34.1796875,"critic/rewards/max":-0.015625,"timing_per_token_ms/reward":0.0005041142059024748,"prompt_length/clip_ratio":0,"actor/pg_clipfrac_higher":0,"perf/throughput":60.83628664149544,"timing_per_token_ms/adv":2.8808317566377286,"_timestamp":1.7667303002173781e+09,"timing_s/adv":142.20361717115156,"timing_s/save_checkpoint":23.891441614134237,"prompt_length/mean":189,"actor/ppo_kl":-0.00016833640012237083,"timing_per_token_ms/ref":0.01754786132812098,"_runtime":2491.19278544,"timing_per_token_ms/gen":0.7890389039824597,"global_seqlen/min":8795,"global_seqlen/max":17597,"perf/cpu_memory_used_gb":90.03943252563477,"timing_s/update_actor":5.420941510936245,"val/format_reward":0.806,"prompt_length/min":189,"val/generations":{"path":"media/table/val/generations_6_9a836bd5942b223e6008.table.json","nrows":1,"_type":"table-file","sha256":"9a836bd5942b223e600888eb6b9230ae9478b44bfd64125dc2157a07c73c2bdc","log_mode":"IMMUTABLE","artifact_path":"wandb-client-artifact://rndctov9333nwymnbhsa3ifolze89bbzfnuvx2wraadqyxe3ifd97pj17gsaxxh2ehb4r9v4s5v0f8kt1l8pn7gfqralw8zw62n5lhdf06sn7bd1qh73qod459oon7mh/val/generations.table.json","_latest_artifact_path":"wandb-client-artifact://8edveyckrmo38nfubh5mgu2zmzma1mf5q1flilh19ena7xaamf9ik3qe0zy9sojzqyr6m8dkdva6vjidubb6ba60cv9mdge8dnurm2ura7fktywm8h6dmrz8rwd33a2m:latest/val/generations.table.json","size":5194,"ncols":13},"global_seqlen/mean":12340.5,"response_length/clip_ratio":0.0625,"global_seqlen/balanced_max":12839,"reward/overall":-0.21875,"actor/entropy_loss":0.8742476493353024,"perf/total_num_tokens":49362,"critic/score/min":-1.015625,"critic/returns/max":0.7071057558059692,"critic/advantages/max":0.7071057558059692,"timing_s/ref":0.8661975308787078,"val/overall_reward":-0.19144799999999992,"perf/time_per_step":202.84768649213947,"critic/score/mean":-0.21875,"timing_s/old":1.0389277080539614,"critic/rewards/mean":-0.21875,"response_length/max":4096,"_step":1005,"critic/rewards/min":-1.015625,"_wandb":{"runtime":2491}}