{"critic/returns/mean":-0.1980799436569214,"actor/ppo_kl":-0.00032263835990065104,"reward/format":0.9736328125,"global_seqlen/min":116214,"reward/overall":0.586572902300652,"global_seqlen/balanced_max":118307,"perf/max_memory_allocated_gb":22.91347301006317,"timing_s/gen":38.32439735089429,"critic/score/min":0.10000000149011612,"global_seqlen/max":119998,"critic/score/max":0.599799394607544,"timing_per_token_ms/old":0.012558033724892425,"timing_s/step":216.39671240304597,"val/quality_reward":0,"perf/throughput":545.2208524325958,"actor/kl_loss":0.006698431563563645,"perf/mfu_actor":0,"critic/rewards/min":0.10000000149011612,"perf/time_per_step":216.39671240304597,"critic/score/mean":0.5865727663040161,"prompt_length/max":179,"timing_per_token_ms/update_actor":0.10486948898811674,"val/format_reward":1,"perf/cpu_memory_used_gb":45.56942367553711,"timing_per_token_ms/adv":0.24542315101838388,"prompt_length/mean":179,"val/overall_reward":0.5992727272727273,"critic/advantages/mean":-0.1980799436569214,"val/diversity_reward":0.9963636363636363,"critic/advantages/max":0.8660222887992859,"_timestamp":1.766799525882641e+09,"critic/rewards/max":0.599799394607544,"actor/grad_norm":0.33220174908638,"actor/lr":1e-06,"critic/returns/min":-1.4999940395355225,"perf/total_num_tokens":471936,"_step":1006,"timing_s/reward":0.4636340879369527,"critic/advantages/min":-1.4999940395355225,"timing_s/ref":6.2507607620209455,"global_seqlen/mean":117984,"response_length/max":4096,"timing_per_token_ms/reward":0.0016062710917993095,"prompt_length/min":179,"critic/returns/max":0.8660222887992859,"reward/diversity":0.9724152927532594,"perf/max_memory_reserved_gb":52.69677734375,"actor/entropy_loss":0.5103838993527461,"timing_s/old":5.926588203990832,"response_length/mean":281.875,"response_length/min":52,"reward/quality":0,"global_seqlen/balanced_min":117794,"timing_s/adv":115.82402019901201,"_runtime":1955.021876582,"timing_s/update_actor":49.49168715509586,"timing_per_token_ms/gen":0.13277576687532666,"global_seqlen/minmax_diff":3784,"actor/pg_clipfrac_higher":0.0008517339873321816,"val/generations":{"_latest_artifact_path":"wandb-client-artifact://mzv1xx6nl2fqvm2anq73xnx4fizu602x1him3vnmru5w5tje3lo9yujjhj74c2px9tvyvbilmp9229cteys4zlur2lzl7iumsb8s4a335iwqbfle6h35bomcpacjdhaf:latest/val/generations.table.json","size":5016,"nrows":1,"sha256":"177c61d51d7ae9c69969c6c81092a6ab526707a7633a36da2173c5861d3ade1e","log_mode":"IMMUTABLE","artifact_path":"wandb-client-artifact://dhweagr4vswsi4jm3pb4xju4kra12fgwi5792ip6n5hzbh37tf328rdumn1x5ttlhfhctip54dxflqw4xo4h15fl0r4thbrbqjfb17mzdupn8xtv3jfeaphf2ftlo7a7/val/generations.table.json","path":"media/table/val/generations_6_177c61d51d7ae9c69969.table.json","_type":"table-file","ncols":13},"val/reward_score":0.5992727279663086,"response_length/clip_ratio":0.025390625,"prompt_length/clip_ratio":0,"actor/kl_coef":0.01,"actor/pg_clipfrac_lower":0,"actor/pg_loss":0.004865306316799156,"timing_per_token_ms/ref":0.013244933130807875,"critic/rewards/mean":0.5865727663040161,"_wandb":{"runtime":1955}}