{"global_seqlen/min":329778,"critic/rewards/max":0.9284142851829529,"actor/ppo_kl":0.0001475962051356028,"perf/max_memory_reserved_gb":39.3271484375,"response_length/clip_ratio":0.494140625,"actor/kl_coef":0.01,"actor/grad_norm":0.1425517275929451,"timing_per_token_ms/ref":0.007568485625852356,"prompt_length/mean":583.015625,"critic/rewards/mean":0.28697359561920166,"reward/overall":0.28697357570924187,"timing_s/old":9.86918673478067,"global_seqlen/mean":334202.75,"val/reward_score":0.28889355063438416,"_timestamp":1.7672643859340813e+09,"timing_s/adv":5026.073273658287,"val/generations":{"artifact_path":"wandb-client-artifact://vaebapotpcu76uoq6ojo19lkof0pge5zqme2k2hkqrf61ftqblv3ece44r7r6fln6edcy4qd7khdtao03txoxqdobnrsipzh7e3fk68qap1ucukjvijl9vllpwgfxp7d/val/generations.table.json","_latest_artifact_path":"wandb-client-artifact://p52yn2qg8ehzlkurg4zxqxsxgtl5asifu3vf1j7l950cqzw7wghpiwd7i5a1gvtzr1ur6qd9b7naqc9ensk4tzwkeonkujjdz02ojdz7m6qm08c9hffgdwdt35gyyxlw:latest/val/generations.table.json","ncols":13,"log_mode":"IMMUTABLE","_type":"table-file","size":17174,"nrows":1,"path":"media/table/val/generations_6_27d0839db0be92bb5e33.table.json","sha256":"27d0839db0be92bb5e33ed7296a95602c29c2f19fd8d9cf1a47af361cefe6a5b"},"critic/score/max":0.9284142851829529,"_wandb":{"runtime":33696},"global_seqlen/minmax_diff":12291,"timing_s/step":5135.649454839062,"perf/throughput":65.07507043439223,"val/format_reward":0.992,"val/diversity_reward":0.9884677419354838,"actor/kl_loss":0.0029748951783403754,"prompt_length/max":640,"actor/entropy_loss":0.25187797943362966,"reward/diversity":0.9836471754212088,"perf/cpu_memory_used_gb":50.86156463623047,"timing_per_token_ms/update_actor":0.04394431767334111,"critic/score/mean":0.28697359561920166,"response_length/max":1024,"timing_per_token_ms/adv":3.759748590981288,"_step":1006,"global_seqlen/balanced_max":334203,"response_length/mean":722.4638671875,"timing_per_token_ms/gen":0.04134624437591967,"perf/total_num_tokens":1336811,"critic/returns/max":1.4999951124191284,"critic/advantages/min":-1.499997615814209,"critic/rewards/min":-1,"actor/pg_clipfrac_lower":0,"actor/pg_loss":-0.009073786637564751,"prompt_length/min":502,"response_length/min":48,"val/overall_reward":0.2888935483870968,"reward/format":0.9853515625,"perf/max_memory_allocated_gb":16.712047576904297,"val/executability_reward":0,"timing_s/update_actor":58.7452472532168,"reward/executability":0.00908203125,"critic/advantages/max":1.4999951124191284,"timing_per_token_ms/reward":0.00030462034231604456,"actor/pg_clipfrac_higher":0.000364936287837736,"timing_s/reward":0.22535904310643673,"_runtime":33696.765891718,"critic/returns/mean":0.00610515009611845,"critic/advantages/mean":0.00610515009611845,"timing_s/gen":30.588075628038496,"actor/lr":1e-06,"perf/mfu_actor":0,"prompt_length/clip_ratio":0,"timing_s/ref":10.117634837981313,"global_seqlen/balanced_min":334202,"perf/time_per_step":5135.649454839062,"global_seqlen/max":342069,"critic/returns/min":-1.499997615814209,"timing_per_token_ms/old":0.0073826342951850855,"critic/score/min":-1}