{"critic/rewards/max":0.49951171875,"critic/rewards/mean":-0.006526946555823088,"timing_per_token_ms/update_actor":0.09527292988951916,"response_length/mean":376.77880859375,"actor/entropy_loss":0.7102256532270985,"timing_s/step":5627.110481886892,"global_seqlen/mean":289678.75,"critic/advantages/mean":-0.036853495985269547,"reward/overall":-0.006526947021484375,"perf/mfu_actor":0,"timing_per_token_ms/adv":4.667219005948635,"timing_s/reward":0.9485864909365773,"prompt_length/clip_ratio":0,"timing_s/old":13.658646539086476,"actor/kl_loss":0.015087481529917568,"timing_s/ref":13.974516995018348,"perf/throughput":51.47912964077159,"val/reward_score":-0.01394799817353487,"timing_s/update_actor":110.3941729569342,"critic/advantages/min":-1.4999970197677612,"reward/accuracy":0.000545501708984375,"val/format_reward":0.984,"_step":1006,"perf/max_memory_reserved_gb":54.19189453125,"perf/max_memory_allocated_gb":19.362983345985413,"critic/advantages/max":1.499993920326233,"actor/lr":1e-06,"prompt_length/min":189,"_timestamp":1.7667618766790109e+09,"actor/pg_clipfrac_lower":0,"global_seqlen/balanced_min":289678,"actor/kl_coef":0.01,"timing_s/gen":56.06319433893077,"prompt_length/mean":189,"val/accuracy_reward":0.0020480000000000008,"critic/returns/min":-1.4999970197677612,"perf/cpu_memory_used_gb":93.34796524047852,"global_seqlen/minmax_diff":35672,"timing_per_token_ms/gen":0.07265431597115606,"prompt_length/max":189,"critic/rewards/min":-1.00048828125,"perf/total_num_tokens":1158715,"perf/time_per_step":5627.110481886892,"critic/returns/mean":-0.036853495985269547,"critic/score/min":-1.00048828125,"global_seqlen/max":310670,"response_length/min":35,"timing_per_token_ms/reward":0.001229307452975764,"response_length/clip_ratio":0.02734375,"actor/pg_clipfrac_higher":0.00024530242137643654,"val/tool_reward_reward":0.0001,"val/generations":{"nrows":1,"ncols":13,"log_mode":"IMMUTABLE","sha256":"cb3f9fce21106859c2a01e28b54ef475368acc00b0bf940ae3f7a0a2d14326c9","artifact_path":"wandb-client-artifact://jexc5wke4b8g6poemayd9nk7hkftveq3rwkza9jnsl0b1vsx3y7jaufdxmfvugc7yjeow1ltarsgtrq357tym74h3zr4qkjzam737oidzwtzlhy93yszwwxemh5ngssg/val/generations.table.json","path":"media/table/val/generations_6_cb3f9fce21106859c2a0.table.json","_type":"table-file","size":4218,"_latest_artifact_path":"wandb-client-artifact://xph6f9jev8twjhan6u32y4bui8jdjmab9w9s5ltcylcvn48xlrs9kl9q8e8lu7z6uvuffdqme99ead2l2me6zjrb3sobxmughaariveg127qro8gv92ydltl5cmtawfs:latest/val/generations.table.json"},"timing_s/adv":5407.976670477772,"actor/pg_loss":-0.0024838736066905565,"response_length/max":4096,"reward/tool_reward":2.44140625e-05,"timing_per_token_ms/ref":0.012060357374348608,"global_seqlen/balanced_max":289679,"timing_s/save_checkpoint":23.867509389063343,"critic/score/mean":-0.006526946555823088,"_wandb":{"runtime":30426},"global_seqlen/min":274998,"timing_per_token_ms/old":0.011787753277627782,"actor/ppo_kl":0.00024103013807463824,"val/overall_reward":-0.013948000000000002,"critic/score/max":0.49951171875,"_runtime":30426.518903569,"actor/grad_norm":0.31135348230600357,"critic/returns/max":1.499993920326233,"reward/format":0.98974609375}