{"reward/format":0.994140625,"actor/pg_loss":-0.0024679519644887904,"perf/max_memory_allocated_gb":15.534391403198242,"prompt_length/max":576,"critic/rewards/mean":0.590336263179779,"val/generations":{"_type":"table-file","ncols":13,"log_mode":"IMMUTABLE","path":"media/table/val/generations_6_dc1a653f21326b796ff6.table.json","_latest_artifact_path":"wandb-client-artifact://cbm4mqus1y6wj5vztmfesvpmlap2rdacnso28tqnwm02rl12inozn04edq8bivzz3gebqipvr94xbypvm9lsz2f1ej8wrr7npn4zt6dzduxmb3vusokqle8fw3p4uylg:latest/val/generations.table.json","sha256":"dc1a653f21326b796ff614bf04a7357966b12ab761cff929bd3c7eb5a0a3dc22","nrows":1,"artifact_path":"wandb-client-artifact://ppys705w93ij6yf3s7nyxac1umjdea9wmbimcfvzq7fgjj9pbunal6ck6zc19pei699zrjem0dhxih1ecmrd9p88oc4t6irhxribgedx45tcz3on7wzlyy9v8icysm37/val/generations.table.json","size":18132},"actor/kl_coef":0.01,"val/overall_reward":0.6579382795698924,"prompt_length/min":576,"perf/max_memory_reserved_gb":26.5068359375,"actor/pg_clipfrac_higher":0.0017884535735674945,"timing_per_token_ms/old":0.007616801686337505,"response_length/max":1024,"actor/grad_norm":0.2614646255970001,"perf/mfu_actor":0,"critic/rewards/min":-1,"prompt_length/clip_ratio":0,"global_seqlen/minmax_diff":14877,"perf/throughput":58.91707271985079,"actor/lr":1e-06,"global_seqlen/balanced_max":358952,"actor/kl_loss":0.0032631863723509014,"_wandb":{"runtime":47504},"critic/advantages/mean":0.010897100903093815,"global_seqlen/max":366459,"critic/returns/mean":0.010897100903093815,"_timestamp":1.7672090404217176e+09,"critic/returns/min":-1.499995231628418,"val/executability_reward":0.5402666666666668,"perf/time_per_step":6092.482763133943,"_runtime":47504.265236468,"timing_s/ref":11.661083328071982,"timing_s/gen":33.09924878086895,"actor/pg_clipfrac_lower":0,"reward/overall":0.5903362201723149,"global_seqlen/mean":358951.25,"timing_s/reward":0.3361445511691272,"timing_per_token_ms/reward":0.00039734290861039105,"response_length/min":59,"perf/total_num_tokens":1435805,"timing_s/adv":5976.230198326055,"critic/returns/max":1.4999957084655762,"timing_per_token_ms/gen":0.03912528624268033,"actor/ppo_kl":0.0002527013422444213,"reward/diversity":0.9760137831532414,"critic/advantages/max":1.4999957084655762,"global_seqlen/balanced_min":358951,"timing_per_token_ms/adv":4.162285406671557,"critic/score/min":-1,"critic/rewards/max":0.9998035430908203,"val/reward_score":0.6579383015632629,"response_length/mean":826.1533203125,"_step":1006,"timing_s/old":10.936241945251822,"timing_per_token_ms/update_actor":0.04190883532226779,"global_seqlen/min":351582,"reward/executability":0.4308268229166667,"timing_s/update_actor":60.1729152998887,"critic/score/max":0.9998035430908203,"actor/entropy_loss":0.22891333162988303,"timing_s/step":6092.482763133943,"prompt_length/mean":576,"perf/cpu_memory_used_gb":50.97945785522461,"timing_per_token_ms/ref":0.00812163443369537,"critic/score/mean":0.590336263179779,"response_length/clip_ratio":0.677734375,"val/diversity_reward":0.942758064516129,"val/format_reward":0.992,"critic/advantages/min":-1.499995231628418}